{
  "aggregation_accuracy_mean": 0.916462338938389,
  "aggregation_accuracy_std": 0.03810220522113738,
  "halftime_log_mae_mean": 0.4526200461881365,
  "halftime_log_mae_std": 0.16215600144472367,
  "halftime_mae_hours_mean": 17.968263653432512,
  "halftime_mae_hours_std": 6.9523251857219766,
  "halftime_mape_pct_mean": 39.42629184314123,
  "halftime_mape_pct_std": 7.346226639151975,
  "baseline_mae_mean": 1529.934086282897,
  "baseline_mae_std": 810.3775228300434,
  "plateau_mae_mean": 2997.6435135532943,
  "plateau_mae_std": 1297.1479205439932
}