{
  "aggregation_accuracy_mean": 0.9261878213904297,
  "aggregation_accuracy_std": 0.02922796918983401,
  "halftime_log_mae_mean": 0.4106181097684291,
  "halftime_log_mae_std": 0.0939121571192941,
  "halftime_mae_hours_mean": 16.035762510829954,
  "halftime_mae_hours_std": 3.9344449994807307,
  "halftime_mape_pct_mean": 39.332773610489674,
  "halftime_mape_pct_std": 5.285985673577576,
  "baseline_mae_mean": 1556.7812853357173,
  "baseline_mae_std": 694.8261100372954,
  "plateau_mae_mean": 3343.532649194,
  "plateau_mae_std": 1193.9509032986946
}